{
  "rooms": 2.6991733860743445,
  "area": 165.93767154049604,
  "state": 2.72407007744065,
  "facades_number": 2.767695099818512,
  "build_year": 1989.0871901542728,
  "bathrooms": 1.288727104639741,
  "heating_type": 3.0334677765382305,
  "primary_energy_consumption": 1204.0325556158436,
  "kitchen_surface_house": 14.202534562211982,
  "terrace_surface_apartment": 23.49341013374988,
  "land_surface_house": 1287.6149029430183,
  "co2_house": 1226.1056466302368,
  "living_room_surface": 37.49719990260531,
  "cadastral_income_house": 1030.804885543094,
  "apartement_floor_apartment": 2.37450110864745,
  "number_floors_apartment": 3.451842030495312,
  "toilets": 1.5812105300503796,
  "glazing_type": 0.9979083873666597,
  "flooding_area_type": 0.5210641883266098,
  "is_furnished": 0,
  "has_terrace": 1,
  "has_garden": 1,
  "has_swimming_pool": 0,
  "has_equipped_kitchen": 3,
  "cellar": 1,
  "garage": 1,
  "sewer_connection": 1,
  "running_water": 1,
  "certification_electrical_installation": 1,
  "preemption_right": 0,
  "leased": 0,
  "attic_house": 1,
  "elevator": 0,
  "entry_phone_apartment": 1,
  "access_disabled": 0,
  "property_type": "Apartment",
  "median_income_mun": 28.31400932893516,
  "median_income_arr": 29.94446269061385,
  "median_income_prv": 30.021894554310673,
  "median_price_house": 283549.606510211,
  "median_price_apartment": 216326.32738229755
}